reference	query	count	insertions	deletions	mismatches
CAAAGTACTTCTTCCAGTCCTGCCAGGGGATGGGGTA	CAAAGTACTTCTTCCAGTC----------ATGGGGTA	5		20D10:CTGCCAGGGG	
CAAAGTACTTCTTCCAGTCCTGCCAGGGGATGGGGTA	CAAAGTACTTCTTCCAGTCCTG-----GGATGGGGTA	6		23D5:CCAGG	
CAAAGTACTTCTTCCAGTCCTGCCAGG----------GGATG----GGGTA	C-------------CAGTGCTGGC-GGTTAGTGTTTAGCATGTGGGGGGCC	1	27I10:TTAGTGTTTA|32I4:TGGG	2D13:AAAGTACTTCTTC|25D1:A	19:C2G|23:C2G|29:G2C|36:T2C|37:A2C
CAAAGTACTTCTTCCAGTCCTGCCAGGGGATGGGGTA	CAAAGTACTTCTTCCAGTCCTGCCAGGG-------TA	29		29D7:GATGGGG	
CAAAGTACTTCTTCCAGTCCTGCCAGGGGATGGGGTA	CAAAGTACTTCTTGCAG-----------GATGGAGTA	1		18D11:TCCTGCCAGGG	14:C2G|34:G2A
CAAAGTACTTCTTCCAGTCCTGCCAGGGGATGGGGTA	CAGAGTACTTCTTCCAGTCCTGCCAGGGGATGGGGTA	1			3:A2G
CAAAGTACTTCTTCCAGTCCTGCCAGGGGATGGGGTA	CAAAGTACTTCTTCCAGTCCAGCCAGGGGATGGGGTA	1			21:T2A
CAAAGTACTTCTTCCAGTCCTGCCAGGGGATGGGGTA	CAAAGTCCTTCTTCCAG---------------GGGTA	1		18D15:TCCTGCCAGGGGATG	7:A2C
CAAAGTACTTCTTCCAGTCCTGCCAGGGGATGGGGTA	CAAAGTACTTCTTCCA---------------------	31		17D21:GTCCTGCCAGGGGATGGGGTA	
CAAAGTACTTCTTCCAGTCCTGCCAGGGGATGGGGTA	CAAAGTACTTCTTGCAGTCCTGCCAGGGGATGGGGTA	1			14:C2G
CAAAGTACTTCTTCCAGTCCTGCCAGGGGATGGGGTA	CAAA-TACTTCTTCCAGTCCTGCCAGG--ATGGGGTA	18		5D1:G|28D2:GG	
CAAAGTACTTCTTCCAGTCCTGCCAGGGGATGGGGTA	CAAAGTACTTCTTCCAGTCCTGCCAGG--ATGGGGTA	187		28D2:GG	
CAAAGTACTTCTTCCAGTCCTGCCAGGGGATGGGGTA	CAAAGTACTTCTTCCAGTCCTGC----GGATGGGGTA	4		24D4:CAGG	
CAAAGTACTTCTTCCAGTCCTGCCAGGGGA-TGGGGTA	CAAAGTACTTCTTCCAGCCCTGCCAGG--ACTGGGGTA	1	30I1:C	28D2:GG	18:T2C
CAAAGTACTTCTTCCAGTCCTGCCAGGGGATGGGGTA	CAAA-TACTACTTCCAGTCCTGCCAGGGGATGGGGTA	1		5D1:G	10:T2A
CAAAGTACTTCTTCCAGTCCTGCCAGGGGATGGGGTA	CAAAGTACTTCTTCCAGTCCTG----------GGGTA	13		23D10:CCAGGGGATG	
CAAAGTACTTCTTCCAGTCCTGCCAGGGGATGGGGTA	CAAAGTACTTCTTCCAGTCCTGCCAGG--------TA	83		28D8:GGATGGGG	
CAAAGTACTTCTTCCAGTCCTGCCAGGGGATGGGGTA	CAAAGTACTTCTTCCAGTCTTGCCAGGGGATAGGGTA	1			20:C2T|32:G2A
CAAAGTACTTCTTCCAGTCCTGCCAGGGGATGGGGTA	CAAAGTACTTCTTCCAGTCCTGCCAGG--ATGGG-TA	4		28D2:GG|35D1:G	
CAAAGTACTTCTTCCAGTCCTGCCAGGGGATGGGGTA	CAAAGTACTTCTTCCAGTCCTGCCAGGGGAGGGGGTA	1			31:T2G
CAAAGTACTTCTTCCAGTCCTGCCAGGGGATGGGGTA	CAAAGTACTTCTTCCAGTCCTGCCAGGGG------TA	14		30D6:ATGGGG	
CAAAGTACTTCTTCCAGTCCTGCCAGGGGATGGGGTA	CAAAGTACTTCTTCCAGTCCTGCCAGG--ATGGAGTA	16		28D2:GG	34:G2A
CAAAGTACTTCTTCCAGTCCTGCCAGGGGATGGGGTA	CAAAGTACTTCTTCCAGTCT-------GGATGGGGTA	3		21D7:TGCCAGG	20:C2T
CAAAGTACTTCTTCCAGTCCTGCCAGGGGA----TGGGGTA	CAAAGTACTTCTTCCAGTCCTGCCTGTGGAAGGATGGGGTA	5	30I4:AGGA		25:A2T|27:G2T
CAAAGTACTTCTTCCAGTCCTGCCAGGGGATGGGGTA	CAAAGTACATCTTCCAGTCCTGCCA-----TGGGGTA	1		26D5:GGGGA	9:T2A
CAAAGTACTTCTTCCAGTCCTGCCAGGGGATGGGGTA	CAAAGTACTTCTTCCAGTCCTGCCAGGGAATGGGGTA	9			29:G2A
CAAAGTACTTCTTCCAGTCCTGCCAGGGGATGGGGTA	TAAAGTACTTCTTCCAGTCCTGCCAGGGGATGGGGTA	10			1:C2T
CAAAGTACTTCTTCCAGTCCTGCCAGGGGATGGGGTA	CAAAGTACTTCTTGCAGTCCTGCCAGGG-ATGGGGTA	1		29D1:G	14:C2G
CAAAGTACTTCTTCCAGTCCTGCCAGGGGATGGGGTA	CAAAGTACTTCTT-------------------GGGTA	10		14D19:CCAGTCCTGCCAGGGGATG	
CAAAGTACTTCTTCCAGTCCTGCCAGG------GGAT--GGGGTA	CAAAGTACTTCTTCCAGTCCTGCCAGGTAGTTTGAATTTGGGGTA	4	27I6:TAGTTT|31I2:TT		29:G2A
CAAAGTACTTCTTCCAGTCCTGCCAGGGGATGGGGTA	TAAAGTAGTTCTTCCAGTCCTGCCAGGGGATGGGGTA	1			1:C2T|8:C2G
CAAAGTACTTCTTCCAGTCCTGCCAGGGGATGGGGTA	CAAAGTACTTCTTCCAGTCAAGC-AGAGGATGGGGTA	1		24D1:C	20:C2A|21:T2A|27:G2A
CAAAGTACTTCTTCCAGTCCTGCCAGGGGATGGGGTA	CAAAGTACTTCTTCCAGTCCTG-------ATGGGGTA	12		23D7:CCAGGGG	
CAAAGTACTTCTTCCAGTCCTGCCAGGGGATGGGGTA	CAAAGTACT-CTTCCAGTCCTGCCAGGG-ATGGGGTA	6		10D1:T|29D1:G	
CAAAGTACTTCTTCCAGTCCTGCCAGGGGAT-GGGGTA	CAAAGTACTTCTTCCAGTCCTGCCAGG---TAGGGGTA	17	31I1:A	28D3:GGA	
CAAAGTACTTCTTCCAGTCCTGCCAGGGGATGGGGTA	CAAAGTACTTCTTCCAGTCCTGCCA------------	5		26D12:GGGGATGGGGTA	
CAAAGTACTTCTTCCAGTCCTGCCAGGGGATGGGGTA	CAAAGTACTTCTTCCAGTC--------GGATGGGGTA	1		20D8:CTGCCAGG	
CAAAGTACTTCTTCCAGTCCTGCCAGGGGATGGGGTA	CAAAGTACTTCTTCCAGTCCTGCCAGGG-ATGGGGTA	67		29D1:G	
CAAAGTACTTCTTCCAGTCCTGCCAGGGGATGGGGTA	CAAAGTACTTCTTCCAG-----------GATGGGGTA	54		18D11:TCCTGCCAGGG	
CAAAGTACTTCTTCCAGTCCTGCCAGGGGATGGGGTA	CAAAGTACTTCTTCCAG------------ATGGGGTA	7		18D12:TCCTGCCAGGGG	
CAAAGTACTTCTTCCAGTCCTGCCAGGGGATGGGGTA	CAAAGTACTTCTTCCA-------------ATGGGGTA	3		17D13:GTCCTGCCAGGGG	
CAAAGTACTTCTTCCAGTCCTGCCAGGGGATGGGGTA	CAAAGTACTTCTTCCAGT-----------ATGGGGTA	4		19D11:CCTGCCAGGGG	
CAAAGTACTTCTTCCAGTCCTGCCAGGGGATGGGGTA	CAAAGTACTTCTTCCAGTCCTG------------GTA	2		23D12:CCAGGGGATGGG	
CAAAGTACTTCTTCCAGTCCTGCCAGGGGATGGGGTA	CAAAGTACTTCTTCCAGTC---------GATGGGGTA	2		20D9:CTGCCAGGG	
CAAAGTACTTCTTCCAGTCCTGCCAGGGGATGGGGTA	CAAAGTCCTTCTTCCAGTCCTGCCA-----TGGGGTA	1		26D5:GGGGA	7:A2C
CAAAGTACTTCTTCCAGTCCTGCCAGG------------GGATGGGGTA	CAAAGTACTTCTTCCAGTCCTGCCAGGTAGTTTGGGGTAGGATGGGGTA	1	27I12:TAGTTTGGGGTA		
CAAAGTACTTCTTCCAGTCCTGCCAGGGGATGGGGTA	CAAAGTACTTCTTCCAGTCCT----------------	5		22D16:GCCAGGGGATGGGGTA	
CAAAGTACTTCTTCCAGTCCTGCCAGGGGATGGGGTA	CAAAGTACTTCTTCCAGTCCTGCCA-----TGGGGTA	65		26D5:GGGGA	
CAAAGTACTTCTTCCAGTCCTGCCAGGGGATGGGGTA	CAGAGTACTTCTTGCAGTTCTGCCGGGAGATGGGGTA	1			3:A2G|14:C2G|19:C2T|25:A2G|28:G2A
CAAAGTACTTCTTCCAGTCCTGCCAGGGGA-TGGGGTA	CAAAGTACTTCTTCCAGTCCTGCCAGG--ACTGGGGTA	4	30I1:C	28D2:GG	
CAAAGTACTTCTTCCAGTCCTGCCAGGGGATGGGGTA	CATAGTACTTCTTCCAGTCCTGCCAGG--------TA	1		28D8:GGATGGGG	3:A2T
-CAAAGTACTTCTTCCAGTCCTGCCAGGGGATGGGGTA	TCAAA-TACTTCTTCCAGTCCTGCCAGGGGATGGGGTA	1	0I1:T	5D1:G	
CAAAGTACTTCTTCCAGTCCTGCCAGGGGATGGG-GTA	CAAAGTACTTCTTCCAGTCCTGCCAGG--ATGGAAGTA	6	34I1:A	28D2:GG	34:G2A
CAAAGTACTTCTTCCAGTCCTGCCAGGGGATGGGGTA	CAAAGTACTTCTTC----------AGTGGATGGGGTA	5		15D10:CAGTCCTGCC	27:G2T
CAAAGTACTTCTTCCAGTCCTGCCAGG----------------GGATGGGGTA	CAAAGTACTTCTTCCAGTCCTGCCAGGTAGTTTGAATTCGCTAGGATGGGGTA	10	27I16:TAGTTTGAATTCGCTA		
CAAAGTACTTCTTCCAGTCCTGCCAGGGGATGGGGTA	CAAAGTACT-CTTCCAG--CT----------------	8		10D1:T|18D2:TC|22D16:GCCAGGGGATGGGGTA	
CAAAGTACTTCTTCCAGTCCTGCCAGGGGATGGGGTA	CAAAGTACTTCTTCC------------GGATGGGGTA	10		16D12:AGTCCTGCCAGG	
CAAAGTACTTCTTCCAGTCCTGCCAGGGGATGGGGTA	CAAAGTACTTCTTC--------------------GTA	4		15D20:CAGTCCTGCCAGGGGATGGG	
CAAAGTACTTCTTCCAGTCCTGCCAGGGG-ATGGGGTA	CAAAGTACTTCTTCCAGTCCTGCCAGGGGGATGGGGTA	31	29I1:G		
CAAAGTACTTCTTCCAGTCCTGCCAGGGGATGGGGTA	CAAAGTACTTCTTCCAGTC-------GGGATGGGGTA	1		20D7:CTGCCAG	
CAAAGTACTTCTTCCAGTCCTGCCAGGGGATGGGGTA	CAAAGTACTTCTTCCAG---------------GGGTA	12		18D15:TCCTGCCAGGGGATG	
CAAAGTACTTCTTCCAGTCCTGCCAGGGGATGGGGTA	CAAAGTACTTCTTCCAG----------------GGTA	5		18D16:TCCTGCCAGGGGATGG	
CAAAGTACTTCTTCCAGTCCTGCCAGGGGATGGGGTA	CAAAGTACTTCTTCCAGTCCTACCAGGGGATGGGGTA	1			22:G2A
CAAAGTACTTCTTCCAGTCCTGCCAGGGGATGGGGTA	CAAAGTACTTCTTCCAGTCCTACCA-----TGGGGTA	1		26D5:GGGGA	22:G2A
CAAAGTACTTCTTCCAGTCCTGCCAGGGGATGGGGTA	CAAAGTACTTCTTC-------------GGATGGGGTA	1		15D13:CAGTCCTGCCAGG	
CAAAGTACTTCTTCCAGTCCTGCCAGGGGATGGGGTA	CAAAGTACTTCT----------------GATGGGGTA	1		13D16:TCCAGTCCTGCCAGGG	
CAAAGTACTTCTTCCAGTCCTGCCAGGGGATGGGGTA	CAATGTACTTCTTCCAGTCCTGCCAGGGGATGGGGTA	1			4:A2T
CAAAGTACTTCTTCCAGTCCTGCCAGGGGATGGGGTA	CAAAGTACTTCTTCCAGTCCTGCGAGGGGATGGGGTA	1			24:C2G
CAAAGTACTTCTTCCAGTCCTGCCAGGGGATGGGGTA	CAAAGTACTTCTTGC------------GGATGGGGTA	1		16D12:AGTCCTGCCAGG	14:C2G
CAAAGTACTTCTTCCAGTCCTGCCAGGGGATGGGGTA	CAAAGTTCTTCTTC-------------GGATGGGGTA	1		15D13:CAGTCCTGCCAGG	7:A2T
CAAAGTACTTCTTCCAGTCCTGCCAGGGGATGGGGTA	CAAAGTACATCTTCCAG------------ATGGGGTA	9		18D12:TCCTGCCAGGGG	9:T2A
CAAAGTACTTCTTCCAGTCCTGCCAGGGG-------ATGGGGTA	--------TCCTGGCAGGACTGGAAGAAGTACTTTGATGGGGTA	11	29I7:TACTTTG	1D8:CAAAGTAC	10:T2C|13:T2G|14:C2G|18:T2G|19:C2A|23:C2G|24:C2A|27:G2A|28:G2A
CAAAGTACTTCTTCCAGTCCTGCCAGG----------------------------GGATGGGGTA	CAAAGTACTTCTTCCAGTCCTGCCAGGTAGTTTGAATGGATGGGGTAGTTTGAATGGATGGGGTA	4	27I28:TAGTTTGAATGGATGGGGTAGTTTGAAT		
CAAAGTACTTCTTCCAGTCCTGCCAGG---------------GGATGGGGTA	CAAAGTACTTCTTCCAGTCCTGCCAGGACTGGAAGATAGACAGGATGGGGTA	4	27I15:ACTGGAAGATAGACA		
CAAAGTACTTCTTCCAGTCCTGCCAGGGGATGGGGT-A	GAAAG----------------------------GCTCA	1	36I1:C	6D28:TACTTCTTCCAGTCCTGCCAGGGGATGG	1:C2G|35:G2C
CAAAGTACTTCTTCCAGTCCTG-----CCAGGGG-------ATGGGGTA--	CG-----------CC---CCTGGTCGACCAGGAGGTTCCCTATGAGGTCAT	1	22I5:GTCGA|29I7:GTTCCCT|37I2:CA	3D11:AAGTACTTCTT|16D3:AGT	2:A2G|28:G2A|33:G2A|37:A2C
CAAAGTACTTCTTCCAGTCCTGCCAGGGGATGGGGTA	CAAAGTACTTCTTCCAGTCCTGCCAGGGGATGGGGTA	1174			
CAAAGTACTTCTTCCAGTCCTGCCAGGGGATGGGGTA	CCAGGTACTACTTCCCGTGCTGCCAGGGCATGGTGTA	1			2:A2C|4:A2G|10:T2A|16:A2C|19:C2G|29:G2C|34:G2T
CAAAGTACTTCTTCCAGTCCTGCCAGG---GGATGGGGTA	CAAAGTACTTCTTCCAGTCCTGCCAGGACTGGATGGGGTA	4	27I3:ACT		
CAAAGTACTTCTTCCAGTCCTGCCAGGGGATGGGGTA	CAAAGTACTTCTTCCAGTCCTGCGAGGG-ATGGGGTA	1		29D1:G	24:C2G
CAAAGTACTTCTTCCAGTCCTGCCAGGGGATGGGGTA	CAAAGTACTTCTTCCAGTCCTGCCAGG--ATGG--TA	9		28D2:GG|34D2:GG	
CAAAGTACTTCTTCCAGTCCTGCCAGGGGATGGGGTA	CAAAGTACTTCTT-----------------------A	13		14D23:CCAGTCCTGCCAGGGGATGGGGT	
CAAAGTACTTCTTCCAGTCCTGCCAGGGGATGGGGTA	CAAAGTACTTCTTCCAGTCCTGCC--GGGATGGGGTA	3		25D2:AG	
CAAAGTACTTCTTCCAGTCCTGCCAGGGGATGGGGTA	CAAAGTACTTCTTCCACTCCTGCCAGGGGATGGGGTA	1			17:G2C
CAAAGTACTTCTTCCAGTCCTGCCAGGGGATGGGGTA	CAAAGTACTTCTTCCAGTCGTGCCAGGGGATGGGGTA	2			20:C2G
CAAAGTACTTCTTCCAGTCCTGCCAGGGGATGGGGTA	CAAAGTACTTCTTCCAG----------GGATGGAGTA	7		18D10:TCCTGCCAGG	34:G2A
CAAAGTACTTCTTCCAGTCCTGCCAGGGGATGGGGTA	CAAAGTACTTCTTCCAG-----------GATGGAGTA	5		18D11:TCCTGCCAGGG	34:G2A
